EstebanID|Esteban|Teteban0917
JonyID|Jony|Soplamonda
HuevosID|Huevos|A
SasaID|Sasa|No.
JorgeID|Jorge|Jorge123
JonaID|Jona|Tebanhijueputa
